grw_id	grw_material	grw_ground	grw_nodes_using	grb_id	grb_material	grb_ground	confidence
1	TER-Ground-Pebbles-Cb-YEL#F1	GRN_Ground_Gravel	348	8	TER-Ground-Pebbles-Cc1	GRN_Ground_Gravel	high
2	TER-Ground-Flatten-Aa-YEL#C1	GRN_Ground_Dirt	122	30	TER-Ground-Craked-Aa	GRN_Ground_Dirt	medium
5	ROC-BRO#2-Cliff-Rough-A	GRN_Ground_Dirt	131	11	TER-Gravel-Dirt-Ab	GRN_Ground_Dirt	medium
6	TER-Ground-Pebbles-Ba-BRO#B1	GRN_Ground_Gravel	148	8	TER-Ground-Pebbles-Cc1	GRN_Ground_Gravel	high
9	TER-Ground-River-Aa-BRO#D1	GRN_Ground_Mud	423	15	TER-Ground-Dirt-Ba1	GRN_Ground_Mud	medium
10	TER-Mud-Flatten-Aa-BRO#J1	GRN_Ground_Dirt	165	25	TER-Mud-Rivers-Aa-CBS2	GRN_Ground_Dirt	medium
12	TER-Ground-Pebbles-Ea-DAR#A1	GRN_Ground_Gravel	30	8	TER-Ground-Pebbles-Cc1	GRN_Ground_Gravel	high
13	TER-Ground-Pebbles-Bc-BRO#B2	GRN_Ground_Gravel	266	8	TER-Ground-Pebbles-Cc1	GRN_Ground_Gravel	high
14	TER-Mud-Pebbles-Ab-ORA#A1	GRN_Ground_Gravel	13	1	TER-Gravel-Pebbles-Ac	GRN_Ground_Gravel	medium
15	TER-Ground-Pebbles-Ab-YEL#A2	GRN_Ground_Gravel	291	8	TER-Ground-Pebbles-Cc1	GRN_Ground_Gravel	high
16	TER-Ground-Pebbles-Aa-ORA#J1	GRN_Ground_Gravel	267	8	TER-Ground-Pebbles-Cc1	GRN_Ground_Gravel	high
17	TER-Ground-Pebbles-Ab-ORA#B1	GRN_Ground_Gravel	216	8	TER-Ground-Pebbles-Cc1	GRN_Ground_Gravel	high
19	TER-Ground-Pebbles-Dc-BRO#E2	GRN_Ground_Gravel	401	8	TER-Ground-Pebbles-Cc1	GRN_Ground_Gravel	high
20	TER-Ground-Gravel-Ba-ORA#A2	GRN_Ground_Gravel	13	1	TER-Gravel-Pebbles-Ac	GRN_Ground_Gravel	medium
21	ROC-BRO#2-Cliff-Rough-B	GRN_Ground_Dirt	139	11	TER-Gravel-Dirt-Ab	GRN_Ground_Dirt	medium
22	TER-Mud-Messy-Aa-ORA#C1	GRN_Ground_Mud	59	4	TER-Mud-Clay-Ac	GRN_Ground_Mud	medium
23	TER-Grass-Pebbles-Ab-GRE#C1	GRN_Ground_Grass	533	0	TER-Grass-Dry-Ba-CBS	GRN_Ground_Grass	medium
24	TER-Snow-Flatten-Aa-WHI#E1	GRN_Ground_Snow	315	47	TER-Snow-Fresh-Ab	GRN_Ground_Snow	medium
25	TER-Ground-Pebbles-Bd-Snow-WHI#D1	GRN_Ground_Snow	319	133	TER-Ground-Forest-Aa-Snow	GRN_Ground_Snow	high
26	TER-Salt-Cells-Aa-WHI#C1	GRN_Ground_Salt	75	126	TER-Sand-Disturb-Aa	GRN_Ground_Sand	low (no salt in GRB)
27	ROC-WHI#2-Cliff-Sediment-A	GRN_Ground_Dirt	138	11	TER-Gravel-Dirt-Ab	GRN_Ground_Dirt	medium
28	TER-Ground-Flatten-Da-YEL#C1	GRN_Ground_Dirt	85	30	TER-Ground-Craked-Aa	GRN_Ground_Dirt	medium
29	TER-Scrap-Debris-BrickOld-Aa-GLO#A1	GRN_Ground_Dirt	46	46	TER-Scrap-Trash-Aa	GRN_Ground_Dirt	medium
30	TER-Asphalt-Road-Aa-GRY#E2	GRN_Ground_Asphalt	207	70	TER-Asphalt-Fresh-Aa	GRN_Ground_Asphalt	medium
31	TER-Asphalt-Road-Aa-GRY#E1	GRN_Ground_Asphalt	233	70	TER-Asphalt-Fresh-Aa	GRN_Ground_Asphalt	medium
32	TER-Ground-Gravel-Aa-YEL#B1	GRN_Ground_TrainTrack	193	41	TER-Gravel-Ballast-Ba	GRN_Ground_TrainTrack	medium
33	TER-Ground-Cracked-Aa-GRY#C1	GRN_Ground_Dirt	141	178	TER-Ground-Cracked-Aa	GRN_Ground_Dirt	high
34	TER-Mud-Flatten-Aa-YEL#E1	GRN_Ground_Dirt	165	25	TER-Mud-Rivers-Aa-CBS2	GRN_Ground_Dirt	medium
35	TER-Mud-Messy-Ba-ORA#C1	GRN_Ground_Mud	51	4	TER-Mud-Clay-Ac	GRN_Ground_Mud	medium
36	TER-Snow-Fresh-Aa-WHI#A1	GRN_Ground_Snow_Deep	331	98	TER-Snow-Fresh-Aa	GRN_Ground_Snow_Deep	high
37	TER-Ground-Pebbles-Eb-Snow-DAR#ASnow1	GRN_Ground_Gravel	320	150	TER-Ground-Pebbles-Da-Snow	GRN_Ground_Gravel	high
38	TER-Mud-Messy-Aa-BRO#C1-Snow	GRN_Ground_Mud	34	4	TER-Mud-Clay-Ac	GRN_Ground_Mud	medium
39	TER-Mud-Messy-Aa-BRO#H3	GRN_Ground_Mud	65	4	TER-Mud-Clay-Ac	GRN_Ground_Mud	medium
40	TER-Mud-Flatten-Aa-ORA#E1	GRN_Ground_Dirt	145	25	TER-Mud-Rivers-Aa-CBS2	GRN_Ground_Dirt	medium
41	ROC-RED#0-Cliff-Jagged-A	GRN_Ground_Dirt	103	11	TER-Gravel-Dirt-Ab	GRN_Ground_Dirt	medium
42	TER-Leaves-Pine-Aa-BRO#F1	GRN_Ground_Grass	209	0	TER-Grass-Dry-Ba-CBS	GRN_Ground_Grass	medium
43	TER-GRE#3-Ground-Pebbles-Dc	GRN_Ground_Grass	9	49	TER-Ground-Roots-Ca	GRN_Ground_Grass	medium
45	TER-Ground-River-Aa-BRO#D1-NoTES	GRN_Ground_Mud	97	15	TER-Ground-Dirt-Ba1	GRN_Ground_Mud	medium
46	TER-Grass-Flatten-Ba-GRE#D1	GRN_Ground_Gravel	12	1	TER-Gravel-Pebbles-Ac	GRN_Ground_Gravel	medium
49	TER-DAR#3-Ground-Pebbles-Da	GRN_Ground_Gravel	27	8	TER-Ground-Pebbles-Cc1	GRN_Ground_Gravel	high
50	TER-Ground-Pebbles-Aa-ORA#J2	GRN_Ground_Dirt	172	30	TER-Ground-Craked-Aa	GRN_Ground_Dirt	medium
51	ROC-YEL#1-Cliff-Sediment-A	GRN_Ground_Sand	11	44	TER-Sand-Disturb-Aa-CBS-2	GRN_Ground_Sand	medium
52	TER-Decorative-Pavement-Aa-GLO#A1	GRN_Ground_Gravel	36	80	TER-Gravel-Decorative-Ba	GRN_Ground_Gravel	medium
53	TER-Ground-Pebbles-Roots-Aa-BRO#F1	GRN_Ground_Gravel	213	8	TER-Ground-Pebbles-Cc1	GRN_Ground_Gravel	high
54	TER-Ground-Flatten-Ca-BRO#B1	GRN_Ground_Mud	238	15	TER-Ground-Dirt-Ba1	GRN_Ground_Mud	medium
55	ROC-WHI#1-Cliff-Rough-B	GRN_Ground_Dirt	76	11	TER-Gravel-Dirt-Ab	GRN_Ground_Dirt	medium
56	TER-Ground-Gravel-Ba-WHI#A1	GRN_Ground_Gravel	205	1	TER-Gravel-Pebbles-Ac	GRN_Ground_Gravel	medium
57	TER-Mud-Messy-Ba-BRO#H3	GRN_Ground_Mud	66	4	TER-Mud-Clay-Ac	GRN_Ground_Mud	medium
58	TER-Ground-Ashes-Aa-GLO#A1	GRN_Ground_Grass	67	49	TER-Ground-Roots-Ca	GRN_Ground_Grass	medium
59	TER-Ground-Pebbles-Moss-Aa-GRE#H1	GRN_Ground_Gravel	212	118	TER-Ground-Pebbles-Ba-Moss	GRN_Ground_Gravel	high
61	TER-Grass-Flatten-Ba-GRE#G3	GRN_Ground_Grass	104	0	TER-Grass-Dry-Ba-CBS	GRN_Ground_Grass	medium
63	TER-Ground-Pebbles-Roots-Aa-BRO#F2	GRN_Ground_Sand	51	44	TER-Sand-Disturb-Aa-CBS-2	GRN_Ground_Sand	medium
64	TER-Grass-Flatten-Aa-GRE#A1	GRN_Ground_Grass	220	0	TER-Grass-Dry-Ba-CBS	GRN_Ground_Grass	medium
65	TER-Grass-Pebbles-Ab-GRE#G1	GRN_Ground_Grass	243	0	TER-Grass-Dry-Ba-CBS	GRN_Ground_Grass	medium
66	TER-Grass-Flatten-Ba-GRE#G1	GRN_Ground_Grass	241	0	TER-Grass-Dry-Ba-CBS	GRN_Ground_Grass	medium
70	ROC-WHI#1-Cliff-Jagged-A	GRN_Ground_Dirt	81	11	TER-Gravel-Dirt-Ab	GRN_Ground_Dirt	medium
71	TER-Leaves-WoodChip-Ba-BRO#B3	GRN_Ground_Gravel	43	1	TER-Gravel-Pebbles-Ac	GRN_Ground_Gravel	medium
73	TER-Leaves-Pine-Aa-BRO#F2	GRN_Ground_Dirt	27	11	TER-Gravel-Dirt-Ab	GRN_Ground_Dirt	medium
74	ROC-DAR#1-Cliff-JaggedA	GRN_Ground_Dirt	346	11	TER-Gravel-Dirt-Ab	GRN_Ground_Dirt	medium
75	TER-ORA#1-Leaves-WoodChip-Aa	GRN_Ground_Grass	11	0	TER-Grass-Dry-Ba-CBS	GRN_Ground_Grass	medium
76	TER-Leaves-WoodChip-Ba-BRO#B1	GRN_Ground_Dirt	22	11	TER-Gravel-Dirt-Ab	GRN_Ground_Dirt	medium
77	TER-Salt-Rough-Aa-WHI#C2	GRN_Ground_Salt	42	126	TER-Sand-Disturb-Aa	GRN_Ground_Sand	low (no salt in GRB)
78	TER-Ground-Cracked-Aa-ORA#D1	GRN_Ground_Dirt	280	178	TER-Ground-Cracked-Aa	GRN_Ground_Dirt	high
80	TER-Ground-Pebbles-Ga-GRY#D1	GRN_Ground_Gravel	172	8	TER-Ground-Pebbles-Cc1	GRN_Ground_Gravel	high
81	TER-Mud-Messy-Ba-BRO#H2	GRN_Ground_Mud	114	4	TER-Mud-Clay-Ac	GRN_Ground_Mud	medium
82	TER-Mud-Flatten-Aa-BRO#J2	GRN_Ground_Dirt	56	25	TER-Mud-Rivers-Aa-CBS2	GRN_Ground_Dirt	medium
83	ROC-Cliff-Jagged-A-BRO#B1	GRN_Ground_Dirt	73	11	TER-Gravel-Dirt-Ab	GRN_Ground_Dirt	medium
85	TER-Mud-Fields-Aa-BRO#FieldsA1	GRN_Ground_Dirt	88	25	TER-Mud-Rivers-Aa-CBS2	GRN_Ground_Dirt	medium
86	TER-Mud-Fields-Ab-BRO#FieldsA2	GRN_Ground_Dirt	101	25	TER-Mud-Rivers-Aa-CBS2	GRN_Ground_Dirt	medium
89	TER-Scrap-Trash-Metalrusted-Aa-GLO#A1-Snow	GRN_Ground_Dirt	10	46	TER-Scrap-Trash-Aa	GRN_Ground_Dirt	high
90	TER-Ground-Pebbles-Moss-Aa-GRE#E1	GRN_Ground_Dirt	13	30	TER-Ground-Craked-Aa	GRN_Ground_Dirt	medium
91	VIS-Glo-Fields-Potato-GREEN	none	97	135	TER-Mud-Fields-Aa	GRN_Ground_Mud	low (crop field, no ground type)
92	VIS-Glo-Fields-Quinoa01-RED	none	8	135	TER-Mud-Fields-Aa	GRN_Ground_Mud	low (crop field, no ground type)
93	VIS-Glo-Fields-Quinoa01-WHITE	none	9	135	TER-Mud-Fields-Aa	GRN_Ground_Mud	low (crop field, no ground type)
94	VIS-Glo-Fields-Quinoa01-PURPLE	none	9	135	TER-Mud-Fields-Aa	GRN_Ground_Mud	low (crop field, no ground type)
95	VIS-Glo-Fields-Quinoa01-YELLOW	none	11	135	TER-Mud-Fields-Aa	GRN_Ground_Mud	low (crop field, no ground type)
96	VIS-Glo-Fields-Quinoa01-GREEN	none	127	135	TER-Mud-Fields-Aa	GRN_Ground_Mud	low (crop field, no ground type)
97	VIS-Glo-Fields-Wheat01-YELLOW	none	25	135	TER-Mud-Fields-Aa	GRN_Ground_Mud	low (crop field, no ground type)
98	TER-Scrap-Trash-Garbage-Aa-GLO#A1	GRN_Ground_Dirt	84	46	TER-Scrap-Trash-Aa	GRN_Ground_Dirt	high
99	TER-Asphalt-Flatten-Aa-GRY#C1	GRN_Ground_Asphalt	168	70	TER-Asphalt-Fresh-Aa	GRN_Ground_Asphalt	medium
100	TER-Scrap-Debris-BrickRed-Aa-GLO#A1	GRN_Ground_Gravel	40	40	TER-Scrap-Rubble-Aa	GRN_Ground_Gravel	medium
101	ROC-GRE#1-Cliff-Rough-A1	GRN_Ground_Dirt	131	11	TER-Gravel-Dirt-Ab	GRN_Ground_Dirt	medium
102	TER-HOLE	#1523930ca5	80	65	TER-HOLE	#1523930ca5	exact
103	TER-GRE#3-Leaves-WoodChip-Ba	GRN_Ground_Mud	13	4	TER-Mud-Clay-Ac	GRN_Ground_Mud	medium
104	TER-Ground-Pebbles-Ab-YEL#A1	GRN_Ground_Gravel	95	8	TER-Ground-Pebbles-Cc1	GRN_Ground_Gravel	high
105	TER-Mud-Messy-Aa-BRO#H2	GRN_Ground_Mud	117	4	TER-Mud-Clay-Ac	GRN_Ground_Mud	medium
106	TER-Ground-Flatten-Ab-YEL#D1	GRN_Ground_Dirt	270	30	TER-Ground-Craked-Aa	GRN_Ground_Dirt	medium
107	TER-Mud-Pebbles-Ab-BRO#D2	GRN_Ground_Gravel	347	1	TER-Gravel-Pebbles-Ac	GRN_Ground_Gravel	medium
108	TER-Ground-Pebbles-Moss-Aa-GRE#H1-Nograss	GRN_Ground_Gravel	113	118	TER-Ground-Pebbles-Ba-Moss	GRN_Ground_Gravel	high
109	TER-Leaves-Dead-Aa-GRE#F1	GRN_Ground_Grass	112	0	TER-Grass-Dry-Ba-CBS	GRN_Ground_Grass	medium
111	TER-Ground-Cracked-Aa-BRO#C1	GRN_Ground_Dirt	9	178	TER-Ground-Cracked-Aa	GRN_Ground_Dirt	high
112	TER-Ground-Flatten-Aa-RED#E1	GRN_Ground_Dirt	92	30	TER-Ground-Craked-Aa	GRN_Ground_Dirt	medium
113	TER-Ground-Pebbles-Dc-WHI#A1	GRN_Ground_Gravel	160	8	TER-Ground-Pebbles-Cc1	GRN_Ground_Gravel	high
114	TER-Ground-Pebbles-Aa-BRO#C1	GRN_Ground_Dirt	561	30	TER-Ground-Craked-Aa	GRN_Ground_Dirt	medium
115	TER-Ground-Pebbles-Ab-BRO#A1	GRN_Ground_Gravel	9	8	TER-Ground-Pebbles-Cc1	GRN_Ground_Gravel	high
116	TERGround-Pebbles-Dc-BRO#K1	GRN_Ground_Gravel	99	1	TER-Gravel-Pebbles-Ac	GRN_Ground_Gravel	medium
117	ROC-Cliff-Jagged-A-BRO#B2	GRN_Ground_Dirt	36	11	TER-Gravel-Dirt-Ab	GRN_Ground_Dirt	medium
118	TER-Ground-Pebbles-Ab-BRO#L1	GRN_Ground_Gravel	94	8	TER-Ground-Pebbles-Cc1	GRN_Ground_Gravel	high
119	TER-Sand-Disrupt-Aa-YEL#A2	GRN_Ground_Sand	78	44	TER-Sand-Disturb-Aa-CBS-2	GRN_Ground_Sand	medium
122	TER-Sand-Disrupt-Aa-YEL#A1	GRN_Ground_Sand	58	44	TER-Sand-Disturb-Aa-CBS-2	GRN_Ground_Sand	medium
123	TER-Sand-Disrupt-Aa-ORA#A1	GRN_Ground_Sand	73	44	TER-Sand-Disturb-Aa-CBS-2	GRN_Ground_Sand	medium
124	TER-Mud-Flatten-Aa-RED#D1	GRN_Ground_Dirt	136	25	TER-Mud-Rivers-Aa-CBS2	GRN_Ground_Dirt	medium
125	TER-Ground-Pebbles-Dc-RED#B1	GRN_Ground_Gravel	187	8	TER-Ground-Pebbles-Cc1	GRN_Ground_Gravel	high
126	TER-Grass-Flatten-Ba-GRE#C1	GRN_Ground_Grass	852	0	TER-Grass-Dry-Ba-CBS	GRN_Ground_Grass	medium
127	TER-Grass-Pebbles-Ab-GRE#A1	GRN_Ground_Gravel	50	1	TER-Gravel-Pebbles-Ac	GRN_Ground_Gravel	medium
128	TER-Salt-Rough-Aa-WHI#C1	GRN_Ground_Salt	49	126	TER-Sand-Disturb-Aa	GRN_Ground_Sand	low (no salt in GRB)
129	TER-Mud-Messy-Aa-RED#B1	GRN_Ground_Mud	63	4	TER-Mud-Clay-Ac	GRN_Ground_Mud	medium
130	TER-Mud-Messy-Ba-RED#B1	GRN_Ground_Mud	62	4	TER-Mud-Clay-Ac	GRN_Ground_Mud	medium
131	TER-Scrap-Debris-BrickOld-Aa-GLO#A2	GRN_Ground_Gravel	23	40	TER-Scrap-Rubble-Aa	GRN_Ground_Gravel	medium
132	TER-Grass-Flatten-Ba-GRE#I1	GRN_Ground_Grass	103	0	TER-Grass-Dry-Ba-CBS	GRN_Ground_Grass	medium
133	TER-Scrap-Trash-Metalrusted-Aa-GLO#A1	GRN_Ground_Dirt	47	46	TER-Scrap-Trash-Aa	GRN_Ground_Dirt	high
134	TER-Asphalt-Flatten-Aa-GRY#C2	GRN_Ground_Asphalt	115	70	TER-Asphalt-Fresh-Aa	GRN_Ground_Asphalt	medium
135	TER-Ground-Flatten-Da-ORA#C1	GRN_Ground_Dirt	290	30	TER-Ground-Craked-Aa	GRN_Ground_Dirt	medium
136	TER-Ground-Pebbles-Ab-ORA#B2	GRN_Ground_Gravel	227	8	TER-Ground-Pebbles-Cc1	GRN_Ground_Gravel	high
137	TER-Ground-Gravel-Ba-ORA#A1	GRN_Ground_Gravel	87	1	TER-Gravel-Pebbles-Ac	GRN_Ground_Gravel	medium
139	TER-Asphalt-Slab-Aa-GLO#A1	GRN_Ground_Asphalt	35	70	TER-Asphalt-Fresh-Aa	GRN_Ground_Asphalt	medium
141	TER-Mud-Flatten-Aa-YEL#E2	GRN_Ground_Dirt	87	25	TER-Mud-Rivers-Aa-CBS2	GRN_Ground_Dirt	medium
142	ROC-Cliff-Sediment-A-ORA#H	GRN_Ground_Dirt	145	11	TER-Gravel-Dirt-Ab	GRN_Ground_Dirt	medium
143	TER-Ground-Flatten-Da-BRO#I1	GRN_Ground_Dirt	90	30	TER-Ground-Craked-Aa	GRN_Ground_Dirt	medium
144	TER-Ground-Gravel-Ba-BRO#I1	GRN_Ground_Gravel	117	1	TER-Gravel-Pebbles-Ac	GRN_Ground_Gravel	medium
145	TER-Ground-Flatten-Da-BRO#I2	GRN_Ground_Dirt	108	30	TER-Ground-Craked-Aa	GRN_Ground_Dirt	medium
146	TER-Ground-Gravel-Ba-BRO#I2	GRN_Ground_Gravel	118	1	TER-Gravel-Pebbles-Ac	GRN_Ground_Gravel	medium
147	TER-Mud-Messy-Aa-BRO#H1	GRN_Ground_Mud	73	4	TER-Mud-Clay-Ac	GRN_Ground_Mud	medium
148	TER-Mud-Messy-Ba-BRO#H1	GRN_Ground_Mud	92	4	TER-Mud-Clay-Ac	GRN_Ground_Mud	medium
149	TER-Ground-Pebbles-Dc-BRO#E1	GRN_Ground_Gravel	66	8	TER-Ground-Pebbles-Cc1	GRN_Ground_Gravel	high
150	TER-Ground-Flatten-Da-YEL#C2	GRN_Ground_Dirt	67	30	TER-Ground-Craked-Aa	GRN_Ground_Dirt	medium
151	TER-Ground-Gravel-Ba-RED#B1	GRN_Ground_Gravel	91	1	TER-Gravel-Pebbles-Ac	GRN_Ground_Gravel	medium
153	TER-Mud-Messy-Aa-BRO#H4	GRN_Ground_Mud	51	4	TER-Mud-Clay-Ac	GRN_Ground_Mud	medium
154	TER-Mud-Messy-Ba-BRO#H4	GRN_Ground_Mud	53	4	TER-Mud-Clay-Ac	GRN_Ground_Mud	medium
155	TER-Mud-Messy-Ba-BRO#C1-Snow	GRN_Ground_Mud	30	4	TER-Mud-Clay-Ac	GRN_Ground_Mud	medium
156	TER-Ground-Flatten-Da-BRO#I3	GRN_Ground_Dirt	27	30	TER-Ground-Craked-Aa	GRN_Ground_Dirt	medium
157	TER-Ground-Gravel-Ba-BRO#I3	GRN_Ground_Gravel	23	1	TER-Gravel-Pebbles-Ac	GRN_Ground_Gravel	medium
158	TER-Ground-Rocky-Aa-GRY#A1	GRN_Ground_Dirt	211	30	TER-Ground-Craked-Aa	GRN_Ground_Dirt	medium
159	TER-Ground-Rocky-Ba-GRE#E1	GRN_Ground_Dirt	363	30	TER-Ground-Craked-Aa	GRN_Ground_Dirt	medium
160	TER-Ground-Rocky-Ca-GRY#B1	GRN_Ground_Dirt	228	30	TER-Ground-Craked-Aa	GRN_Ground_Dirt	medium
161	TER-Ground-Pebbles-Ab-YEL#A3	GRN_Ground_Gravel	195	8	TER-Ground-Pebbles-Cc1	GRN_Ground_Gravel	high
162	TER-Ground-Messy-Aa-BRO#M1	GRN_Ground_Dirt	191	30	TER-Ground-Craked-Aa	GRN_Ground_Dirt	medium
163	TER-Ground-Rocky-Ca-BRO#M1	GRN_Ground_Dirt	196	30	TER-Ground-Craked-Aa	GRN_Ground_Dirt	medium
164	TER-Grass-Flatten-Ba-GRE#G2	GRN_Ground_Grass	194	0	TER-Grass-Dry-Ba-CBS	GRN_Ground_Grass	medium
165	TER-Leaves-WoodChip-Ba-BRO#B2	GRN_Ground_Dirt	194	11	TER-Gravel-Dirt-Ab	GRN_Ground_Dirt	medium
167	TER-Mud-Pebbles-Ab-BRO#D1	GRN_Ground_Gravel	194	1	TER-Gravel-Pebbles-Ac	GRN_Ground_Gravel	medium
168	ROC-WHI#1-Cliff-Sediment-B	GRN_Ground_Dirt	13	11	TER-Gravel-Dirt-Ab	GRN_Ground_Dirt	medium
